title,author,publisher_url,pub_week,pub_day,pub_month,pub_daytime,language,language_id,sentiment,social_fb,social_tw,impact_score,topic_name,topic_name_en,topic_name_ua,page_url,is_today_utc,is_lastnewscycle_utc,is_last13weeks_utc,pubday_pages,pubday_annotations,is_main_topic,is_about_ukraine,is_biased_publisher,is_pro_putin,hq_city,hq_country,is_ukr_press,comments,editor
The Pentagon's “2015 Strategy” for Ruling the World,,globalresearch.ca,2015-27,2015-07-05,2015-07,05 Jul 15 00:27 UTC,en,1,neutral,2413,214,2627,Not related to Ukraine,Not related to Ukraine,Не має відношення до України,http://www.globalresearch.ca/the-pentagons-2015-strategy-for-ruling-the-world/5460404,0,0,0,0,0,1,0,1,1,Montreal,Canada,0,,gekkarp
Putin: US-Russian Relations Key for Solving Global Crises,,thephilanews.com,2015-27,2015-07-05,2015-07,05 Jul 15 00:51 UTC,en,1,neutral,2,3,5,Not related to Ukraine,Not related to Ukraine,Не має відношення до України,http://thephilanews.com/putin-us-russian-relations-key-for-solving-global-crises-49328.htm,0,0,0,0,0,1,0,0,0,Unknown,Unknown,0,,gekkarp
The dangerous gamble that could spark full-scale conflict in Ukraine,,scroll.in,2015-27,2015-07-05,2015-07,05 Jul 15 01:03 UTC,en,1,neutral,33,27,60,Global discussions about Ukraine,Global discussions about Ukraine,Загальні дискусії про Україну,http://scroll.in/article/738611/the-dangerous-gamble-that-could-spark-full-scale-conflict-in-ukraine,0,0,0,0,0,1,1,0,0,Unknown,Unknown,0,,gekkarp
World's worst economies by year-end,,dawn.com,2015-27,2015-07-05,2015-07,05 Jul 15 01:29 UTC,en,1,negative,7,1,8,Ukrainian economy/industry,Ukrainian economy/industry,Українська економіка/індустрія,http://www.dawn.com/news/1192473/worlds-worst-economies-by-year-end,0,0,0,0,0,1,1,0,0,Karachi,Pakistan,0,,boyaryntseva
Putin tells Obama dialogue key to global stability,,nation.com.pk,2015-27,2015-07-05,2015-07,05 Jul 15 01:45 UTC,en,1,neutral,1,4,5,Not related to Ukraine,Not related to Ukraine,Не має відношення до України,http://nation.com.pk/international/05-Jul-2015/putin-tells-obama-dialogue-key-to-global-stability,0,0,0,0,0,1,0,0,0,Lahore,Pakistan,0,,gekkarp
Memorial service to be held for flight MH17 victims on July 11,,news.asiaone.com,2015-27,2015-07-05,2015-07,05 Jul 15 01:47 UTC,en,1,neutral,0,0,0,MH-17 crash,MH-17 crash,Катастрофа рейсу МН-17,http://news.asiaone.com/news/malaysia/memorial-service-be-held-flight-mh17-victims-july-11,0,0,0,0,0,1,1,0,0,Singapore,Singapore,0,,Ira.Kolomiets
America's Losing Russia Strategy,,thedailybeast.com,2015-27,2015-07-05,2015-07,05 Jul 15 02:01 UTC,en,1,neutral,710,127,837,Not related to Ukraine,Not related to Ukraine,Не має відношення до України,http://www.thedailybeast.com/articles/2015/07/05/america-s-losing-russia-strategy.html,0,0,0,0,0,1,0,0,0,New York,USA,0,,gekkarp
Pentagon leery of Russia's 'hybrid warfare',,triblive.com,2015-27,2015-07-05,2015-07,05 Jul 15 02:10 UTC,en,1,neutral,1,4,5,Global discussions about Ukraine,Global discussions about Ukraine,Загальні дискусії про Україну,http://triblive.com/usworld/nation/8683654-74/warfare-hybrid-russia,0,0,0,0,0,1,1,0,0,Pittsburgh,USA,0,,Ira.Kolomiets
17 take oath of US citizenship during July Fourth ceremony at Bandelier,,santafenewmexican.com,2015-27,2015-07-05,2015-07,05 Jul 15 02:15 UTC,en,1,neutral,32,2,34,Not related to Ukraine,Not related to Ukraine,Не має відношення до України,http://www.santafenewmexican.com/news/local_news/take-oath-of-u-s-citizenship-during-july-fourth-ceremony/article_d3b98598-aca1-56af-800b-89770a162e3b.html,0,0,0,0,0,1,0,0,0,Unknown,Unknown,0,,gekkarp
PUTIN TALKS UNITY Russian president calls Obama for the 4th of July,,bayoubuzz.com,2015-27,2015-07-05,2015-07,05 Jul 15 02:53 UTC,en,1,neutral,0,0,0,Global discussions about Ukraine,Global discussions about Ukraine,Загальні дискусії про Україну,http://www.bayoubuzz.com/politics/us-politics/item/928564-putin-talks-unity-russian-president-calls-obama-for-the-4th-of-july,0,0,0,0,0,1,1,0,0,Unknown,Unknown,0,,Ira.Kolomiets
Establishing Jewish identity in the Ukraine,,jwire.com.au,2015-27,2015-07-05,2015-07,05 Jul 15 03:55 UTC,en,1,neutral,3,7,10,Other,Other,Інші теми  (аналітичні та репортажні),http://www.jwire.com.au/establishing-jewish-identity-in-the-ukraine/,0,0,0,0,0,1,1,0,0,Unknown,Unknown,0,,boyaryntseva
World's worst economies by year-end,,brazilbusiness.einnews.com,2015-27,2015-07-05,2015-07,05 Jul 15 04:16 UTC,en,1,neutral,0,0,0,Ukrainian economy/industry,Ukrainian economy/industry,Українська економіка/індустрія,http://brazilbusiness.einnews.com/article__detail/274297866?lcode=-usuDQ8DGH26hHnpvUOenA%3D%3D,0,0,0,0,0,1,1,0,0,Unknown,Unknown,0,,Ira.Kolomiets
Germany and Russia Back to Business as Usual,,thetrumpet.com,2015-27,2015-07-05,2015-07,05 Jul 15 05:08 UTC,en,1,neutral,51,37,88,Sanctions against Russia,Sanctions against Russia,Економічні санкції проти Росії,https://www.thetrumpet.com/article/12887.18.0.0/germany-and-russia-back-to-business-as-usual,0,0,0,0,0,1,1,0,0,Unknown,Unknown,0,,gekkarp
OSCE Monitors Register More Than 150 Explosions Near Donetsk Airport,,sputniknews.com,2015-27,2015-07-05,2015-07,05 Jul 15 05:39 UTC,en,1,negative,220,64,284,Fighting in Eastern Ukraine,Fighting in Eastern Ukraine,Бойові дії на Сході України,http://sputniknews.com/europe/20150705/1024219090.html,0,0,0,0,0,1,1,1,1,Moscow,Russia,0,,boyaryntseva
Diane Francis: Kravchuk says Ukraine still fighting Western ignorance and,,kyivpost.com,2015-27,2015-07-05,2015-07,05 Jul 15 06:04 UTC,en,1,negative,426,70,496,Ukrainian government and society,Ukrainian government and society,Український уряд та суспільство,http://www.kyivpost.com/opinion/op-ed/diane-francis-kravchuk-says-ukraine-still-fighting-western-ignorance-and-russian-aggression-392720.html,0,0,0,0,0,1,1,0,0,Kyiv,Ukraine,1,,boyaryntseva
Diane Francis: Kravchuk says Ukraine still fighting Western ignorance and,,kyivpost.com,2015-27,2015-07-05,2015-07,05 Jul 15 06:04 UTC,en,1,neutral,426,0,426,Ukrainian government and society,Ukrainian government and society,Український уряд та суспільство,http://kyivpost.com/opinion/op-ed/diane-francis-kravchuk-says-ukraine-still-fighting-western-ignorance-and-russian-aggression-392720.html,0,0,0,0,0,1,1,0,0,Kyiv,Ukraine,1,,boyaryntseva
Aliaksandr Alesin: If we lose the army we can also lose the power and the country,,en.eurobelarus.info,2015-27,2015-07-05,2015-07,05 Jul 15 06:07 UTC,en,1,neutral,1,1,2,Global discussions about Ukraine,Global discussions about Ukraine,Загальні дискусії про Україну,http://en.eurobelarus.info/news/politics/2015/07/05/aliaksandr-alesin-if-we-lose-the-army-we-can-also-lose-the-power.html,0,0,0,0,0,1,1,0,0,Unknown,Unknown,0,,Ira.Kolomiets
Malaysia urges criminal prosecution over shooting down of MH17,,ifreepress.com,2015-27,2015-07-05,2015-07,05 Jul 15 06:11 UTC,en,1,neutral,0,0,0,MH-17 crash,MH-17 crash,Катастрофа рейсу МН-17,http://www.ifreepress.com/world/5582-malaysia-urges-criminal-prosecution-over-shooting-down-of-mh17,0,0,0,0,0,1,1,0,0,Unknown,Unknown,0,,Ira.Kolomiets
Malaysia submitting resolution to United Nations over flight shot down over,,thrasherbacker.com,2015-27,2015-07-05,2015-07,05 Jul 15 06:12 UTC,en,1,neutral,0,0,0,MH-17 crash,MH-17 crash,Катастрофа рейсу МН-17,http://thrasherbacker.com/6091-malaysia-submitting-resolution-to-united-nations-over-flight-shot-down-over-ukraine/015286/,0,0,0,0,0,1,1,0,0,Unknown,Unknown,0,,Ira.Kolomiets
Dutch Safety Board has draft report into MH17 crash,,rapidnewsnetwork.com,2015-27,2015-07-05,2015-07,05 Jul 15 06:12 UTC,en,1,neutral,0,1,1,MH-17 crash,MH-17 crash,Катастрофа рейсу МН-17,http://rapidnewsnetwork.com/dutch-safety-board-has-draft-report-into-mh17-crash/62482/,0,0,0,0,0,1,1,0,0,Unknown,Unknown,0,,boyaryntseva
"Malaysia wants UN-backed tribunal over MH17 | euronews, world news",,sentinelrepublic.com,2015-27,2015-07-05,2015-07,05 Jul 15 06:13 UTC,en,1,neutral,0,0,0,MH-17 crash,MH-17 crash,Катастрофа рейсу МН-17,http://sentinelrepublic.com/malaysia-wants-un-backed-tribunal-over-mh17-euronews-world-news/19273/,0,0,0,0,0,1,1,0,0,Unknown,Unknown,0,,Ira.Kolomiets
"Far-right supporters want Ukraine to end ceasefire, president won't meet rebel",,ottawacitizen.com,2015-27,2015-07-05,2015-07,05 Jul 15 06:18 UTC,en,1,neutral,25,11,36,Ukrainian government and society,Ukrainian government and society,Український уряд та суспільство,http://ottawacitizen.com/news/national/defence-watch/far-right-supporters-want-ukraine-to-end-ceasefire-president-wont-meet-rebel-demands,0,0,0,0,0,1,1,0,0,Unknown,Unknown,0,,biryna007
Diane Francis: IMF holds key to helping Ukraine escape from Russia's,,kyivpost.com,2015-27,2015-07-05,2015-07,05 Jul 15 06:24 UTC,en,1,neutral,1,7,8,Ukrainian economy/industry,Ukrainian economy/industry,Українська економіка/індустрія,http://www.kyivpost.com/opinion/op-ed/diane-francis-imf-holds-key-to-helping-ukraine-escape-from-russias-stranglehold-392721.html,0,0,0,0,0,1,1,0,0,Kyiv,Ukraine,1,,boyaryntseva
The Guardian: Vladimir Putin's Independence Day greeting calls for United,,kyivpost.com,2015-27,2015-07-05,2015-07,05 Jul 15 06:58 UTC,en,1,neutral,1,7,8,Not related to Ukraine,Not related to Ukraine,Не має відношення до України,http://www.kyivpost.com/content/russia-and-former-soviet-union/the-guardian-vladimir-putins-independence-day-greeting-calls-for-united-states-russia-dialogue-392726.html,0,0,0,0,0,1,0,0,0,Kyiv,Ukraine,1,,gekkarp
Kiev's new traffic police pledge not to take bribes,,euronews.com,2015-27,2015-07-05,2015-07,05 Jul 15 07:11 UTC,en,1,positive,1641,30,1671,Ukrainian government and society,Ukrainian government and society,Український уряд та суспільство,http://www.euronews.com/2015/07/05/kiev-s-new-traffic-police-pledge-not-to-take-bribes/,0,0,0,0,0,1,1,0,0,Lyon,France,0,,boyaryntseva
Alexei Bayer: Obama's soft power,,kyivpost.com,2015-27,2015-07-05,2015-07,05 Jul 15 07:13 UTC,en,1,neutral,2,5,7,Not related to Ukraine,Not related to Ukraine,Не має відношення до України,https://www.kyivpost.com/opinion/op-ed/alexei-bayer-obamas-soft-power-392727.html,0,0,0,0,0,1,0,0,0,Kyiv,Ukraine,1,,Ellen.Bedenko
Euronews: Kyiv's new traffic police pledge not to take bribes,,kyivpost.com,2015-27,2015-07-05,2015-07,05 Jul 15 07:36 UTC,en,1,neutral,1,0,1,Other,Other,Інші теми  (аналітичні та репортажні),https://www.kyivpost.com/content/ukraine-abroad/euronews-kyivs-new-traffic-police-pledge-not-to-take-bribes-392728.html,0,0,0,0,0,1,1,0,0,Kyiv,Ukraine,1,,Ira.Kolomiets
Dnipro allowed to return home,,timesofmalta.com,2015-27,2015-07-05,2015-07,05 Jul 15 07:50 UTC,en,1,neutral,0,0,0,Fighting in Eastern Ukraine,Fighting in Eastern Ukraine,Бойові дії на Сході України,http://www.timesofmalta.com/articles/view/20150705/football/Dnipro-allowed-to-return-home.575288,0,0,0,0,0,1,1,0,0,Unknown,Unknown,0,,Ira.Kolomiets
"Bulgarian training area expecting more US, NATO troops",,stripes.com,2015-27,2015-07-05,2015-07,05 Jul 15 07:53 UTC,en,1,neutral,1226,16,1242,Not related to Ukraine,Not related to Ukraine,Не має відношення до України,http://www.stripes.com/news/bulgarian-training-area-expecting-more-us-nato-troops-1.356467,0,0,0,0,0,1,0,0,0,Washingtom,USA,0,,gekkarp
Quartet of crises threatens Europe's core,,uk.reuters.com,2015-27,2015-07-05,2015-07,05 Jul 15 08:17 UTC,en,1,neutral,17,20,37,Not related to Ukraine,Not related to Ukraine,Не має відношення до України,http://uk.reuters.com/article/2015/07/05/uk-eurozone-greece-quadrilateral-analysi-idUKKCN0PF06K20150705,0,0,0,0,0,1,0,0,0,London,United Kingdom,0,,biryna007
Greece must introduce another currency if “no” vote wins: Schulz,,todayonline.com,2015-27,2015-07-05,2015-07,05 Jul 15 08:21 UTC,en,1,not determined,103,2,105,Not related to Ukraine,Not related to Ukraine,Не має відношення до України,http://www.todayonline.com/business/greece-must-introduce-another-currency-if-no-vote-wins-schulz,0,0,0,0,0,1,0,0,0,Singapore,Singapore,0,,
"Russia warns of sabotage of Minsk agreements, peace progress in Ukraine",,menafn.com,2015-27,2015-07-05,2015-07,05 Jul 15 08:23 UTC,en,1,neutral,0,0,0,Fighting in Eastern Ukraine,Fighting in Eastern Ukraine,Бойові дії на Сході України,http://www.menafn.com/1094271676/Russia-warns-of-sabotage-of-Minsk-agreements-peace-progress-in-Ukraine,0,0,0,0,0,1,1,0,0,Amman,Jordan,0,,Ira.Kolomiets
Putin reportedly contacts Obama for second time in weeks about unity on global,,foxnews.com,2015-27,2015-07-05,2015-07,05 Jul 15 08:27 UTC,en,1,neutral,6228,526,6754,Global discussions about Ukraine,Global discussions about Ukraine,Загальні дискусії про Україну,http://www.foxnews.com/politics/2015/07/05/putin-reportedly-contacts-obama-for-second-time-in-weeks-about-unity-on-global/,0,0,0,0,0,1,1,0,0,New York,USA,0,,boyaryntseva
Quartet of crises threatens Europe's core,,thefiscaltimes.com,2015-27,2015-07-05,2015-07,05 Jul 15 08:29 UTC,en,1,neutral,0,0,0,Not related to Ukraine,Not related to Ukraine,Не має відношення до України,http://www.thefiscaltimes.com/latestnews/2015/07/05/Quartet-crises-threatens-Europes-core,0,0,0,0,0,1,0,0,0,"Washington, DC",USA,0,,biryna007
UT Exclusive: Lviv hosts high heel race,,uatoday.tv,2015-27,2015-07-05,2015-07,05 Jul 15 08:44 UTC,en,1,neutral,106,25,131,Other,Other,Інші теми  (аналітичні та репортажні),http://uatoday.tv/politics/ut-exclusive-lviv-hosts-high-heel-race-450502.html,0,0,0,0,0,1,1,1,0,Kyiv,Ukraine,1,,boyaryntseva
Ukraine Today: Lviv hosts high heel race,,kyivpost.com,2015-27,2015-07-05,2015-07,05 Jul 15 08:49 UTC,en,1,neutral,0,3,3,Other,Other,Інші теми  (аналітичні та репортажні),https://www.kyivpost.com/content/ukraine/ukraine-today-lviv-hosts-high-heel-race-392732.html,0,0,0,0,0,1,1,0,0,Kyiv,Ukraine,1,,boyaryntseva
Quartet of crises threatens Europe's core,,dunyanews.tv,2015-27,2015-07-05,2015-07,05 Jul 15 08:56 UTC,en,1,neutral,2,7,9,Not related to Ukraine,Not related to Ukraine,Не має відношення до України,http://dunyanews.tv/index.php/en/Business/287667-Quartet-of-crises-threatens-Europes-core,0,0,0,0,0,1,0,0,0,Lahore,Pakistan,0,,biryna007
Putin says happy Independence Day to Obama,,ghanaweb.com,2015-27,2015-07-05,2015-07,05 Jul 15 09:09 UTC,en,1,neutral,22,1,23,Not related to Ukraine,Not related to Ukraine,Не має відношення до України,http://www.ghanaweb.com/GhanaHomePage/world/Putin-says-happy-Independence-Day-to-Obama-366572,0,0,0,0,0,1,0,0,0,Accra,Ghana,0,,gekkarp
Hasidic pilgrims and Ukrainian sex workers: Prayer and pleasure in Uman,,haaretz.com,2015-27,2015-07-05,2015-07,05 Jul 15 09:14 UTC,en,1,negative,774,96,870,Other,Other,Інші теми  (аналітичні та репортажні),http://www.haaretz.com/jewish-world/jewish-world-features/.premium-1.664450,0,0,0,0,0,1,1,0,0,Unknown,Unknown,0,,boyaryntseva
War in the age of social media,,sofiaglobe.com,2015-27,2015-07-05,2015-07,05 Jul 15 09:40 UTC,en,1,neutral,2,17,19,Fighting in Eastern Ukraine,Fighting in Eastern Ukraine,Бойові дії на Сході України,http://sofiaglobe.com/2015/07/05/war-in-the-age-of-social-media/,0,0,0,0,0,1,1,0,0,Sofia,Bulgaria,0,,gekkarp
Quartet of crises threatens Europe's core,,iii.co.uk,2015-27,2015-07-05,2015-07,05 Jul 15 09:45 UTC,en,1,neutral,0,0,0,Not related to Ukraine,Not related to Ukraine,Не має відношення до України,http://www.iii.co.uk/news-opinion/reuters/news/253046,0,0,0,0,0,1,0,0,0,Unknown,Unknown,0,,biryna007
Establishing Jewish Identity in the Ukraine,,jewishbusinessnews.com,2015-27,2015-07-05,2015-07,05 Jul 15 09:53 UTC,en,1,neutral,0,5,5,Other,Other,Інші теми  (аналітичні та репортажні),http://jewishbusinessnews.com/2015/07/05/establishing-jewish-identity-in-the-ukraine/,0,0,0,0,0,1,1,0,0,Unknown,Unknown,0,,boyaryntseva
Dutch Draft MH17 Crash Report 'Inconclusive' - Russian Aviation Official,,sputniknews.com,2015-27,2015-07-05,2015-07,05 Jul 15 09:54 UTC,en,1,neutral,482,95,577,MH-17 crash,MH-17 crash,Катастрофа рейсу МН-17,http://sputniknews.com/russia/20150705/1024224498.html,0,0,0,0,0,1,1,1,1,Moscow,Russia,0,,boyaryntseva
The struggle for Ukraine is more serious than ISIS,,nypost.com,2015-27,2015-07-05,2015-07,05 Jul 15 10:02 UTC,en,1,neutral,2343,208,2551,Global discussions about Ukraine,Global discussions about Ukraine,Загальні дискусії про Україну,http://nypost.com/2015/07/05/the-struggle-for-ukraine-is-more-serious-than-isis/,0,0,0,0,0,1,1,0,0,Unknown,Unknown,0,,biryna007
German troops to participate in two military exercises in Ukraine,,uatoday.tv,2015-27,2015-07-05,2015-07,05 Jul 15 10:05 UTC,en,1,neutral,1072,88,1160,Military/humanitarian aid for Ukraine,Military/humanitarian aid for Ukraine,Інші теми  (аналітичні та репортажні),http://uatoday.tv/politics/german-troops-heading-for-ukraine-450546.html,0,0,0,0,0,0,0,1,0,Kyiv,Ukraine,1,,biryna007
Europe's very core is being threatened,,businessinsider.com.au,2015-27,2015-07-05,2015-07,05 Jul 15 10:16 UTC,en,1,neutral,2,1,3,Not related to Ukraine,Not related to Ukraine,Не має відношення до України,http://www.businessinsider.com.au/r-quartet-of-crises-threatens-europes-core-2015-7,0,0,0,0,0,1,0,0,0,New York,USA,0,,biryna007
Putin reportedly contacts Obama for second time in weeks about unity on global,,southcarolinasc.com,2015-27,2015-07-05,2015-07,05 Jul 15 10:19 UTC,en,1,neutral,0,2,2,Global discussions about Ukraine,Global discussions about Ukraine,Загальні дискусії про Україну,http://www.southcarolinasc.com/2015/07/putin-reportedly-contacts-obama-for-second-time-in-weeks-about-unity-on-global-concerns/,0,0,0,0,0,1,1,0,0,Unknown,Unknown,0,,boyaryntseva
Diane Francis: The struggle for Ukraine is more serious than ISIS,,kyivpost.com,2015-27,2015-07-05,2015-07,05 Jul 15 10:21 UTC,en,1,not determined,0,4,4,Global discussions about Ukraine,Global discussions about Ukraine,Загальні дискусії про Україну,https://www.kyivpost.com/opinion/op-ed/diane-francis-the-struggle-for-ukraine-is-more-serious-than-isis-392736.html,0,0,0,0,0,1,1,0,0,Kyiv,Ukraine,1,,
EU to Lift Anti-Russia Sanctions if Minsk Deal Implemented – Austrian FM,,sputniknews.com,2015-27,2015-07-05,2015-07,05 Jul 15 10:32 UTC,en,1,neutral,297,14,311,Sanctions against Russia,Sanctions against Russia,Економічні санкції проти Росії,http://sputniknews.com/politics/20150705/1024225169.html,0,0,0,0,0,1,1,1,1,Moscow,Russia,0,,boyaryntseva
Quartet of crises threatens Europe's core,,en-maktoob.news.yahoo.com,2015-27,2015-07-05,2015-07,05 Jul 15 10:35 UTC,en,1,neutral,0,7,7,Not related to Ukraine,Not related to Ukraine,Не має відношення до України,https://en-maktoob.news.yahoo.com/quartet-crises-threatens-europes-core-081152024.html,0,0,0,0,0,1,0,0,0,Dubai,UAE,0,,gekkarp
Bus on fire hurtles down a Ukrainian road,,tvnz.co.nz,2015-27,2015-07-05,2015-07,05 Jul 15 10:39 UTC,en,1,neutral,0,0,0,Other,Other,Інші теми  (аналітичні та репортажні),https://www.tvnz.co.nz/one-news/world/bus-on-fire-hurtles-down-a-ukrainian-road-6352880,0,0,0,0,0,1,1,0,0,Auckland,New Zealand,0,,Ira.Kolomiets
Landmine kills five Ukrainian soldiers in separatist east,,trust.org,2015-27,2015-07-05,2015-07,05 Jul 15 10:48 UTC,en,1,neutral,1,9,10,Fighting in Eastern Ukraine,Fighting in Eastern Ukraine,Бойові дії на Сході України,http://www.trust.org/item/20150705104946-lz1dk/,0,0,0,0,0,1,1,0,0,London,United Kingdom,0,,gekkarp
Landmine kills five Ukrainian soldiers in separatist east,,reuters.com,2015-27,2015-07-05,2015-07,05 Jul 15 10:55 UTC,en,1,negative,67,17,84,Fighting in Eastern Ukraine,Fighting in Eastern Ukraine,Бойові дії на Сході України,http://www.reuters.com/article/2015/07/05/us-ukraine-crisis-casualties-idUSKCN0PF0CR20150705,0,0,0,0,0,1,1,0,0,London,United Kingdom,0,,boyaryntseva
Landmine kills five Ukrainian soldiers in separatist east,,in.reuters.com,2015-27,2015-07-05,2015-07,05 Jul 15 10:57 UTC,en,1,neutral,0,0,0,Fighting in Eastern Ukraine,Fighting in Eastern Ukraine,Бойові дії на Сході України,http://in.reuters.com/article/2015/07/05/ukraine-crisis-casualties-idINKCN0PF0D720150705,0,0,0,0,0,1,1,0,0,London,United Kingdom,0,,Ira.Kolomiets
Reuters: Landmine kills five Ukrainian soldiers in separatist east,,kyivpost.com,2015-27,2015-07-05,2015-07,05 Jul 15 11:02 UTC,en,1,neutral,3,8,11,Fighting in Eastern Ukraine,Fighting in Eastern Ukraine,Бойові дії на Сході України,http://www.kyivpost.com/content/ukraine-abroad/reuters-landmine-kills-five-ukrainian-soldiers-in-separatist-east-392737.html,0,0,0,0,0,1,1,0,0,Kyiv,Ukraine,1,,gekkarp
Reuters: Quartet of crises threatens Europe's core,,kyivpost.com,2015-27,2015-07-05,2015-07,05 Jul 15 11:09 UTC,en,1,neutral,1,0,1,Global discussions about Ukraine,Global discussions about Ukraine,Загальні дискусії про Україну,http://kyivpost.com/content/world/reuters-quartet-of-crises-threatens-europes-core-392738.html,0,0,0,0,0,1,1,0,0,Kyiv,Ukraine,1,,Ira.Kolomiets
Putin to Obama: Let's find solutions,,presstv.ir,2015-27,2015-07-05,2015-07,05 Jul 15 11:26 UTC,en,1,neutral,18,0,18,Not related to Ukraine,Not related to Ukraine,Не має відношення до України,http://presstv.ir/Detail/2015/07/05/418874/US-Russia-Putin-Obama-solutions-international-issues,0,0,0,0,0,1,0,1,1,Tehran,Iran,0,,gekkarp
Five Ukrainian soldiers killed by landmine in Luhansk region,,uatoday.tv,2015-27,2015-07-05,2015-07,05 Jul 15 11:45 UTC,en,1,neutral,161,34,195,Fighting in Eastern Ukraine,Fighting in Eastern Ukraine,Бойові дії на Сході України,http://uatoday.tv/politics/five-ukrainian-soldiers-killed-by-landmine-in-luhansk-region-450572.html,0,0,0,0,0,1,1,1,0,Kyiv,Ukraine,1,,gekkarp
It's Now or Never: EU Must Work With Russia to Bring Stability to Europe,,sputniknews.com,2015-27,2015-07-05,2015-07,05 Jul 15 11:50 UTC,en,1,neutral,886,67,953,Not related to Ukraine,Not related to Ukraine,Не має відношення до України,http://sputniknews.com/politics/20150705/1024227862.html,0,0,0,0,0,1,0,1,1,Moscow,Russia,0,,gekkarp
"Whatever the Rhetoric, US Needs Russia in Space",,sputniknews.com,2015-27,2015-07-05,2015-07,05 Jul 15 11:55 UTC,en,1,neutral,526,28,554,Not related to Ukraine,Not related to Ukraine,Не має відношення до України,http://sputniknews.com/science/20150705/1024228250.html,0,0,0,0,0,1,0,1,1,Moscow,Russia,0,,gekkarp
China's influence grows as Russian crisis rocks Central Asia,,globalpost.com,2015-27,2015-07-05,2015-07,05 Jul 15 11:58 UTC,en,1,neutral,0,0,0,Not related to Ukraine,Not related to Ukraine,Не має відношення до України,http://www.globalpost.com/article/6604642/2015/07/04/chinas-influence-grows-russian-crisis-rocks-central-asia,0,0,0,0,0,1,0,0,0,Boston,USA,0,,biryna007
UEFA Give Dnipro Green Light to Return Home,,khmertimeskh.com,2015-27,2015-07-05,2015-07,05 Jul 15 12:12 UTC,en,1,neutral,0,1,1,Sport,Sport,Спорт,http://www.khmertimeskh.com/news/12892/uefa-give-dnipro-green-light-to-return-home/,0,0,0,0,0,1,1,0,0,Unknown,Unknown,0,,Ira.Kolomiets
"Land mine blast in east Ukraine kills 5 soldiers, wounds 3",,sfchronicle.com,2015-27,2015-07-05,2015-07,05 Jul 15 12:21 UTC,en,1,neutral,0,0,0,Fighting in Eastern Ukraine,Fighting in Eastern Ukraine,Бойові дії на Сході України,http://www.sfchronicle.com/news/world/article/Land-mine-blast-in-east-Ukraine-kills-5-soldiers-6366964.php,0,0,0,0,0,1,1,0,0,San Francisco,USA,0,,Ira.Kolomiets
China's influence rocks Central Asia,,manilatimes.net,2015-27,2015-07-05,2015-07,05 Jul 15 12:22 UTC,en,1,neutral,1,2,3,Not related to Ukraine,Not related to Ukraine,Не має відношення до України,http://www.manilatimes.net/chinas-influence-rocks-central-asia/197733/,0,0,0,0,0,1,0,0,0,Manila,Philippines,0,,Ira.Kolomiets
Foreign Mercenaries Fighting with Ukraine Armed Forces in Mariupol Area,,globalresearch.ca,2015-27,2015-07-05,2015-07,05 Jul 15 12:25 UTC,en,1,neutral,362,103,465,Fighting in Eastern Ukraine,Fighting in Eastern Ukraine,Бойові дії на Сході України,http://www.globalresearch.ca/foreign-mercenaries-fighting-with-ukraine-armed-forces-in-mariupol-area/5460490,0,0,0,0,0,1,1,1,1,Montreal,Canada,0,,gekkarp
"Land mine blast in east Ukraine kills 5 soldiers, wounds 3",,kansascity.com,2015-27,2015-07-05,2015-07,05 Jul 15 12:26 UTC,en,1,neutral,0,0,0,Fighting in Eastern Ukraine,Fighting in Eastern Ukraine,Бойові дії на Сході України,http://www.kansascity.com/news/nation-world/article26528053.html,0,0,0,0,0,1,1,0,0,Unknown,Unknown,0,,Ira.Kolomiets
Five Ukrainian Soldiers Killed In East,,rferl.org,2015-27,2015-07-05,2015-07,05 Jul 15 12:27 UTC,en,1,neutral,10,15,25,Fighting in Eastern Ukraine,Fighting in Eastern Ukraine,Бойові дії на Сході України,http://www.rferl.org/content/ukraine-soldiers-killed-landmine-/27110850.html,0,0,0,0,0,1,1,0,0,Prague,Czech Republic,0,,gekkarp
Radio Free Europe/Radio Liberty: Five Ukrainian soldiers killed in east,,kyivpost.com,2015-27,2015-07-05,2015-07,05 Jul 15 12:32 UTC,en,1,neutral,1,8,9,Fighting in Eastern Ukraine,Fighting in Eastern Ukraine,Бойові дії на Сході України,http://www.kyivpost.com/content/all/radio-free-europeradio-liberty-five-ukrainian-soldiers-killed-in-east-392744.html,0,0,0,0,0,1,1,0,0,Kyiv,Ukraine,1,,gekkarp
New York Post: The struggle for Ukraine is more serious than ISIS,,uatoday.tv,2015-27,2015-07-05,2015-07,05 Jul 15 12:37 UTC,en,1,neutral,15,47,62,Global discussions about Ukraine,Global discussions about Ukraine,Загальні дискусії про Україну,http://uatoday.tv/politics/new-york-post-the-struggle-for-ukraine-is-more-serious-than-isis-450603.html,0,0,0,0,0,1,1,1,0,Kyiv,Ukraine,1,,gekkarp
Quartet of crises threatens Europe's core,,bdnews24.com,2015-27,2015-07-05,2015-07,05 Jul 15 12:39 UTC,en,1,neutral,593,1,594,Not related to Ukraine,Not related to Ukraine,Не має відношення до України,http://bdnews24.com/business/2015/07/05/quartet-of-crises-threatens-europe-s-core,0,0,0,0,0,1,0,0,0,Dhaka,Bangladesh,0,,gekkarp
Chris Kelly: Grasping joy,,thetimes-tribune.com,2015-27,2015-07-05,2015-07,05 Jul 15 12:41 UTC,en,1,neutral,67,8,75,Other,Other,Інші теми  (аналітичні та репортажні),http://thetimes-tribune.com/opinion/chris-kelly-grasping-joy-1.1907931,0,0,0,0,0,1,1,0,0,Unknown,Unknown,0,,Ira.Kolomiets
Putin contacts Obama for second time in weeks about unity on global concerns,,dispatchtimes.com,2015-27,2015-07-05,2015-07,05 Jul 15 12:46 UTC,en,1,neutral,0,0,0,Global discussions about Ukraine,Global discussions about Ukraine,Загальні дискусії про Україну,http://www.dispatchtimes.com/putin-contacts-obama-for-second-time-in-weeks-about-unity-on-global-concerns/5663/,0,0,0,0,0,1,1,0,0,Unknown,Unknown,0,,Ira.Kolomiets
"Land mine blast in east Ukraine kills 5 soldiers, wounds 3",,greenwichtime.com,2015-27,2015-07-05,2015-07,05 Jul 15 12:49 UTC,en,1,neutral,0,0,0,Fighting in Eastern Ukraine,Fighting in Eastern Ukraine,Бойові дії на Сході України,http://www.greenwichtime.com/news/world/article/Land-mine-blast-in-east-Ukraine-kills-5-soldiers-6366964.php,0,0,0,0,0,1,1,0,0,Unknown,Unknown,0,,Ira.Kolomiets
Russia: Powers in the balance,,ft.com,2015-27,2015-07-05,2015-07,05 Jul 15 12:52 UTC,en,1,neutral,1054,306,1360,Not related to Ukraine,Not related to Ukraine,Не має відношення до України,http://www.ft.com/cms/s/0/1b27cd0e-209e-11e5-ab0f-6bb9974f25d0.html,0,0,0,0,0,1,0,0,0,London,United Kingdom,0,,gekkarp
US Can't Keep Its Promises: 20 Years of Lies Behind NATO's Expansion,,sputniknews.com,2015-27,2015-07-05,2015-07,05 Jul 15 12:52 UTC,en,1,neutral,1293,99,1392,Not related to Ukraine,Not related to Ukraine,Не має відношення до України,http://sputniknews.com/military/20150705/1024229938.html,0,0,0,0,0,1,0,1,1,Moscow,Russia,0,,gekkarp
Five Ukrainian Soldiers Killed by Landmine as Clashes Rage,,naharnet.com,2015-27,2015-07-05,2015-07,05 Jul 15 12:53 UTC,en,1,neutral,3,0,3,Fighting in Eastern Ukraine,Fighting in Eastern Ukraine,Бойові дії на Сході України,http://www.naharnet.com/stories/en/183931-five-ukrainian-soldiers-killed-by-landmine-as-clashes-rage,0,0,0,0,0,1,1,0,0,Beirut,Lebanon,0,,Ira.Kolomiets
Douglas Costa Masih Belum Siap Gantikan Dua Pemain Ini,,sepakbola.com,2015-27,2015-07-05,2015-07,05 Jul 15 12:53 UTC,en,1,neutral,529,12,541,Not related to Ukraine,Not related to Ukraine,Не має відношення до України,http://www.sepakbola.com/2015/07/douglas-costa-masih-belum-siap-gantikan-dua-pemain-ini,0,0,0,0,0,1,0,0,0,Unknown,Unknown,0,,biryna007
Five Ukrainian soldiers killed by landmine: official,,thesundaily.my,2015-27,2015-07-05,2015-07,05 Jul 15 12:57 UTC,en,1,neutral,1,4,5,Fighting in Eastern Ukraine,Fighting in Eastern Ukraine,Бойові дії на Сході України,http://www.thesundaily.my/news/1480769,0,0,0,0,0,1,1,0,0,Petaling Jaya,Malaysia,0,,gekkarp
AFP: Ukraine tackles graft with new US-style police force,,uatoday.tv,2015-27,2015-07-05,2015-07,05 Jul 15 13:01 UTC,en,1,neutral,4,10,14,Ukrainian government and society,Ukrainian government and society,Український уряд та суспільство,http://uatoday.tv/news/afp-ukraine-tackles-graft-with-new-us-style-police-force-450612.html,0,0,0,0,0,1,1,1,0,Kyiv,Ukraine,1,,gekkarp
Don't Think for a Minute Putin Is Winging It,,newsweek.com,2015-27,2015-07-05,2015-07,05 Jul 15 13:14 UTC,en,1,neutral,200,83,283,Not related to Ukraine,Not related to Ukraine,Не має відношення до України,http://www.newsweek.com/dont-think-minute-putin-winging-it-349980,0,0,0,0,0,1,0,0,0,New York,USA,0,,gekkarp
OSCE allowed in town near Mariupol,,uatoday.tv,2015-27,2015-07-05,2015-07,05 Jul 15 13:16 UTC,en,1,neutral,75,32,107,Fighting in Eastern Ukraine,Fighting in Eastern Ukraine,Бойові дії на Сході України,http://uatoday.tv/politics/osce-allowed-in-town-near-mariupol-450582.html,0,0,0,0,0,1,1,1,0,Kyiv,Ukraine,1,,gekkarp
Europe's very core is being threatened,,businessinsider.com.au,2015-27,2015-07-05,2015-07,05 Jul 15 13:26 UTC,en,1,neutral,0,1,1,Not related to Ukraine,Not related to Ukraine,Не має відношення до України,http://www.businessinsider.com.au/quartet-of-crises-threatens-europes-core-2015-7,0,0,0,0,0,1,0,0,0,New York,USA,0,,Ira.Kolomiets
Five Ukrainian soldiers killed by landmine: official,,business-standard.com,2015-27,2015-07-05,2015-07,05 Jul 15 13:30 UTC,en,1,neutral,0,0,0,Fighting in Eastern Ukraine,Fighting in Eastern Ukraine,Бойові дії на Сході України,http://www.business-standard.com/article/pti-stories/five-ukrainian-soldiers-killed-by-landmine-official-115070500512_1.html,0,0,0,0,0,1,1,0,0,Nehru House,India,0,,Ira.Kolomiets
"DW: In Ukraine, a political power struggle comes to a head",,uatoday.tv,2015-27,2015-07-05,2015-07,05 Jul 15 13:32 UTC,en,1,neutral,0,1,1,Ukrainian government and society,Ukrainian government and society,Український уряд та суспільство,http://uatoday.tv/news/dw-in-ukraine-a-political-power-struggle-comes-to-a-head-450621.html,0,0,0,0,0,1,1,1,0,Kyiv,Ukraine,1,,Ira.Kolomiets
Is the US Training Ukrainian Neo-Nazis?,,sputniknews.com,2015-27,2015-07-05,2015-07,05 Jul 15 13:42 UTC,en,1,neutral,12,44,56,Military/humanitarian aid for Ukraine,Military/humanitarian aid for Ukraine,Інші теми  (аналітичні та репортажні),http://sputniknews.com/us/20150705/1024232268.html,0,0,0,0,0,0,0,1,1,Moscow,Russia,0,,biryna007
The Goebbels of the Kremlin has kept Putin's popularity up,,dailystar.com.lb,2015-27,2015-07-05,2015-07,05 Jul 15 13:42 UTC,en,1,neutral,2,0,2,Other,Other,Інші теми  (аналітичні та репортажні),http://www.dailystar.com.lb/Article.aspx?id=305078&link=Opinion/Commentary/2015/Jul-04/305078-the-goebbels-of-the-kremlin-has-kept-putins-popularity-up.ashx,0,0,0,0,0,1,1,0,0,Beirut,Lebanon,0,,Ira.Kolomiets
Russia waits in the wings as Greek debt crisis grows more dire,,dailystar.com.lb,2015-27,2015-07-05,2015-07,05 Jul 15 13:42 UTC,en,1,neutral,3,0,3,Global discussions about Ukraine,Global discussions about Ukraine,Загальні дискусії про Україну,http://www.dailystar.com.lb/Article.aspx?id=305066&link=Business/International/2015/Jul-04/305066-russia-waits-in-the-wings-as-greek-debt-crisis-grows-more-dire.ashx,0,0,0,0,0,1,1,0,0,Beirut,Lebanon,0,,Ira.Kolomiets
Walter Zarycky J: Don't think for a minute Putin is winging it,,kyivpost.com,2015-27,2015-07-05,2015-07,05 Jul 15 13:45 UTC,en,1,neutral,1,7,8,Other,Other,Інші теми  (аналітичні та репортажні),http://www.kyivpost.com/opinion/op-ed/walter-zarycky-j-dont-think-for-a-minute-putin-is-winging-it-392745.html,0,0,0,0,0,1,1,0,0,Kyiv,Ukraine,1,,Ellen.Bedenko
Douglas Costa Must Improve At Bayern Munich Says Mircea Lucescu,,insidefutbol.com,2015-27,2015-07-05,2015-07,05 Jul 15 13:46 UTC,en,1,neutral,2,4,6,Sport,Sport,Спорт,http://www.insidefutbol.com/2015/07/05/douglas-costa-must-improve-at-bayern-munich-says-mircea-lucescu/219331/,0,0,0,0,0,1,1,0,0,Unknown,Unknown,0,,Ira.Kolomiets
The Moscow Times: Russia plans new interceptor and carrier-killer nuclear,,kyivpost.com,2015-27,2015-07-05,2015-07,05 Jul 15 13:47 UTC,en,1,neutral,2,7,9,Not related to Ukraine,Not related to Ukraine,Не має відношення до України,http://www.kyivpost.com/content/russia-and-former-soviet-union/the-moscow-times-russia-plans-new-interceptor-and-carrier-killer-nuclear-submarines-392746.html,0,0,0,0,0,1,0,0,0,Kyiv,Ukraine,1,,gekkarp
Reuters: Four Converging Crises Could Destroy Europe,,breitbart.com,2015-27,2015-07-05,2015-07,05 Jul 15 13:51 UTC,en,1,neutral,124,24,148,Not related to Ukraine,Not related to Ukraine,Не має відношення до України,http://www.breitbart.com/national-security/2015/07/05/reuters-four-converging-crises-could-destroy-europe/,0,0,0,0,0,1,0,0,0,Californoa,USA,0,,gekkarp
The Telegraph: Man tests out terrifying Russian playground,,kyivpost.com,2015-27,2015-07-05,2015-07,05 Jul 15 13:54 UTC,en,1,neutral,2,7,9,Not related to Ukraine,Not related to Ukraine,Не має відношення до України,http://www.kyivpost.com/content/russia-and-former-soviet-union/the-telegraph-man-tests-out-terrifying-russian-playground-392747.html,0,0,0,0,0,1,0,0,0,Kyiv,Ukraine,1,,Ellen.Bedenko
Vladimir Putin sends special message to Obama for 4th July celebrations,,independent.co.uk,2015-27,2015-07-05,2015-07,05 Jul 15 13:55 UTC,en,1,neutral,810,73,883,Not related to Ukraine,Not related to Ukraine,Не має відношення до України,http://www.independent.co.uk/news/world/americas/vladimir-putin-sends-special-message-to-obama-for-4th-july-celebrations-10367051.html,0,0,0,0,0,1,0,0,0,London,United Kingdom,0,,gekkarp
Marlos double sinks Monaco,,sportal.co.nz,2015-27,2015-07-05,2015-07,05 Jul 15 13:56 UTC,en,1,neutral,0,1,1,Sport,Sport,Спорт,http://www.sportal.co.nz/football/news/marlos-double-sinks-monaco/1n50mw2vv1ps21koa9r4o6hd80,0,0,0,0,0,1,1,0,0,Unknown,Unknown,0,,Ira.Kolomiets
Five Ukrainian soldiers killed by landmine,,gulfnews.com,2015-27,2015-07-05,2015-07,05 Jul 15 14:01 UTC,en,1,neutral,0,0,0,Fighting in Eastern Ukraine,Fighting in Eastern Ukraine,Бойові дії на Сході України,http://gulfnews.com/news/europe/five-ukrainian-soldiers-killed-by-landmine-official-1.1545743,0,0,0,0,0,1,1,0,0,Dubai,UAE,0,,Ira.Kolomiets
Independent: Vladimir Putin sends special message to Obama for 4th July,,kyivpost.com,2015-27,2015-07-05,2015-07,05 Jul 15 14:14 UTC,en,1,neutral,2,11,13,Not related to Ukraine,Not related to Ukraine,Не має відношення до України,http://www.kyivpost.com/content/russia-and-former-soviet-union/independent-vladimir-putin-sends-special-message-to-obama-for-4th-july-celebrations-392749.html,0,0,0,0,0,1,0,0,0,Kyiv,Ukraine,1,,gekkarp
Step inside the tiny Soviet country that doesn't technically exist,,businessinsider.com,2015-27,2015-07-05,2015-07,05 Jul 15 14:57 UTC,en,1,neutral,67,21,88,Not related to Ukraine,Not related to Ukraine,Не має відношення до України,http://www.businessinsider.com/step-inside-the-tiny-soviet-country-that-doesnt-technically-exist-2015-7?op=1,0,0,0,0,0,1,0,0,0,New York,USA,0,,gekkarp
"Security in eastern Ukraine deteriorating, monitors say",,dalje.com,2015-27,2015-07-05,2015-07,05 Jul 15 15:13 UTC,en,1,neutral,3,1,4,Fighting in Eastern Ukraine,Fighting in Eastern Ukraine,Бойові дії на Сході України,http://dalje.com/en-world/security-in-eastern-ukraine-deteriorating-monitors-say/549252,0,0,0,0,0,1,1,0,0,Zagreb,Croatia,0,,Ira.Kolomiets
German Bundeswehr to Take Part in US-Led War Games in Ukraine,,sputniknews.com,2015-27,2015-07-05,2015-07,05 Jul 15 15:13 UTC,en,1,neutral,20,59,79,Military/humanitarian aid for Ukraine,Military/humanitarian aid for Ukraine,Інші теми  (аналітичні та репортажні),http://sputniknews.com/europe/20150705/1024236577.html,0,0,0,0,0,0,0,1,1,Moscow,Russia,0,,gekkarp
Russia to Replenish Reserve Fund If Oil Price Exceeds $70 – Finance Minister,,themoscowtimes.com,2015-27,2015-07-05,2015-07,05 Jul 15 15:14 UTC,en,1,neutral,0,0,0,Not related to Ukraine,Not related to Ukraine,Не має відношення до України,http://www.themoscowtimes.com/business/business/article/russia-to-replenish-reserve-fund-if-oil-price-exceeds-70--finance-minister/524956.html,0,0,0,0,0,1,0,0,0,Moscow,Russia,0,,biryna007
"Land Mine Blast in East Ukraine Kills 5 Soldiers, Wounds 3",,tolerance.ca,2015-27,2015-07-05,2015-07,05 Jul 15 15:22 UTC,en,1,neutral,0,0,0,Fighting in Eastern Ukraine,Fighting in Eastern Ukraine,Бойові дії на Сході України,http://www.tolerance.ca/Article.aspx?ID=268857&L=en,0,0,0,0,0,1,1,0,0,Unknown,Unknown,0,,Ira.Kolomiets
"As uncertain Greece prepares for referendum, the consequences can be far",,news.nationalpost.com,2015-27,2015-07-05,2015-07,05 Jul 15 15:27 UTC,en,1,neutral,134,38,172,Not related to Ukraine,Not related to Ukraine,Не має відношення до України,http://news.nationalpost.com/news/world/as-uncertain-greece-prepares-for-referendum-the-consequences-can-be-more-than-economic,0,0,0,0,0,1,0,0,0,Toronto,Canada,0,,gekkarp
Ukrainian Government Acknowledges that Some of Its Leaders Are Nazis,,globalresearch.ca,2015-27,2015-07-05,2015-07,05 Jul 15 15:38 UTC,en,1,neutral,2013,169,2182,Ukrainian government and society,Ukrainian government and society,Український уряд та суспільство,http://www.globalresearch.ca/ukrainian-government-acknowledges-that-some-of-its-leaders-are-nazis/5460543,0,0,0,0,0,1,1,1,1,Montreal,Canada,0,,gekkarp
UT Exclusive Interview: 'Ukraine is the ninth largest IDP population in the world',,uatoday.tv,2015-27,2015-07-05,2015-07,05 Jul 15 15:41 UTC,en,1,neutral,22,16,38,Not related to Ukraine,Not related to Ukraine,Не має відношення до України,http://uatoday.tv/politics/ukraine-today-exclusive-unhcr-senior-protection-officer-450635.html,0,0,0,0,0,1,0,1,0,Kyiv,Ukraine,1,,biryna007
OSCE PA Voting Results on Anti-Russia Resolution Gross Violation - Lawmaker,,sputniknews.com,2015-27,2015-07-05,2015-07,05 Jul 15 15:43 UTC,en,1,neutral,1,3,4,Global discussions about Ukraine,Global discussions about Ukraine,Загальні дискусії про Україну,http://sputniknews.com/politics/20150705/1024237113.html,0,0,0,0,0,1,1,1,1,Moscow,Russia,0,,Ira.Kolomiets
Lucescu: Douglas Costa Not On Robben Or Ribery's Level,,360nobs.com,2015-27,2015-07-05,2015-07,05 Jul 15 15:46 UTC,en,1,neutral,16,60,76,Sport,Sport,Спорт,http://www.360nobs.com/2015/07/lucescu-douglas-costa-not-on-robben-or-riberys-level/,0,0,0,0,0,1,1,0,0,Unknown,Unknown,0,,gekkarp
"Sex, Drugs And Prostitution At The Uman, Ukraine Grave Of Rabbi Nachman Of",,failedmessiah.typepad.com,2015-27,2015-07-05,2015-07,05 Jul 15 15:50 UTC,en,1,neutral,75,18,93,Other,Other,Інші теми  (аналітичні та репортажні),http://failedmessiah.typepad.com/failed_messiahcom/2015/07/the-party-destination-of-the-hasidic-world-sex-drugs-and-prostitution-at-the-uman-ukraine-gravesite-123.html,0,0,0,0,0,1,1,0,0,Unknown,Unknown,0,,biryna007
Kyiv is a candidate to host the 2018 Champions League final - Poroshenko,,uatoday.tv,2015-27,2015-07-05,2015-07,05 Jul 15 15:51 UTC,en,1,neutral,178,20,198,Sport,Sport,Спорт,http://uatoday.tv/sport/kyiv-is-a-candidate-to-host-the-2018-champions-league-final-poroshenko-450654.html,0,0,0,0,0,1,1,1,0,Kyiv,Ukraine,1,,gekkarp
Russian OSCE delegate: Finland's actions regrettable,,yle.fi,2015-27,2015-07-05,2015-07,05 Jul 15 15:53 UTC,en,1,neutral,6,12,18,Not related to Ukraine,Not related to Ukraine,Не має відношення до України,http://yle.fi/uutiset/russian_osce_delegate_finlands_actions_regrettable/8130922,0,0,0,0,0,1,0,0,0,Unknown,Unknown,0,,gekkarp
"Thousands bask in sun, music, cheerful atmosphere at Kyiv picnic to mark",,kyivpost.com,2015-27,2015-07-05,2015-07,05 Jul 15 15:54 UTC,en,1,neutral,0,0,0,Other,Other,Інші теми  (аналітичні та репортажні),https://www.kyivpost.com/multimedia/photo/american-independence-day-picnic-4-392743.html,0,0,0,0,0,1,1,0,0,Kyiv,Ukraine,1,,Ira.Kolomiets
Do as I Tell You: US Senate Gives Direct Orders to Ukrainian PM Yatsenyuk,,sputniknews.com,2015-27,2015-07-05,2015-07,05 Jul 15 16:10 UTC,en,1,neutral,1083,177,1260,Ukrainian government and society,Ukrainian government and society,Український уряд та суспільство,http://sputniknews.com/politics/20150705/1024238063.html,0,0,0,0,0,1,1,1,1,Moscow,Russia,0,,gekkarp
Mainland China's influence grows as Russian crisis rocks Central Asia,,chinapost.com.tw,2015-27,2015-07-05,2015-07,05 Jul 15 16:11 UTC,en,1,neutral,0,0,0,Not related to Ukraine,Not related to Ukraine,Не має відношення до України,http://www.chinapost.com.tw/international/middle-east/2015/07/06/439994/Mainland-Chinas.htm,0,0,0,0,0,1,0,0,0,Taipei,Taiwan,0,,biryna007
Lutheran pastor Ralf Haska leaves Ukraine,,dw.com,2015-27,2015-07-05,2015-07,05 Jul 15 16:14 UTC,en,1,neutral,28,19,47,Ukrainian government and society,Ukrainian government and society,Український уряд та суспільство,http://www.dw.com/en/lutheran-pastor-ralf-haska-leaves-ukraine/a-18562935,0,0,0,0,0,1,1,0,0,Berlin,Germany,0,,gekkarp
Stoltenberg: 'We are not in a new cold war',,dw.com,2015-27,2015-07-05,2015-07,05 Jul 15 16:14 UTC,en,1,neutral,1,0,1,Global discussions about Ukraine,Global discussions about Ukraine,Загальні дискусії про Україну,http://www.dw.com/en/stoltenberg-we-are-not-in-a-new-cold-war/a-18562267,0,0,0,0,0,1,1,0,0,Berlin,Germany,0,,Ira.Kolomiets
Putin says happy Independence Day to Obama,,ghanaweb.com,2015-27,2015-07-05,2015-07,05 Jul 15 16:20 UTC,en,1,neutral,0,0,0,Global discussions about Ukraine,Global discussions about Ukraine,Загальні дискусії про Україну,http://www.ghanaweb.com/GhanaHomePage/NewsArchive/Putin-says-happy-Independence-Day-to-Obama-366572,0,0,0,0,0,1,1,0,0,Accra,Ghana,0,,Ira.Kolomiets
"Putin Urges Equality, Respect in Independence Day Message to Obama",,themoscowtimes.com,2015-27,2015-07-05,2015-07,05 Jul 15 16:32 UTC,en,1,neutral,19,10,29,Not related to Ukraine,Not related to Ukraine,Не має відношення до України,http://www.themoscowtimes.com/news/article/putin-urges-equality-respect-in-independence-day-message-to-obama/525057.html,0,0,0,0,0,1,0,0,0,Moscow,Russia,0,,gekkarp
UT Exclusive: 'There are foreign companies that run successful business in,,uatoday.tv,2015-27,2015-07-05,2015-07,05 Jul 15 16:35 UTC,en,1,neutral,106,8,114,Ukrainian economy/industry,Ukrainian economy/industry,Українська економіка/індустрія,http://uatoday.tv/opinion/ut-exclusive-there-are-foreign-companies-that-run-successful-business-in-ukraine-450657.html,0,0,0,0,0,1,1,1,0,Kyiv,Ukraine,1,,gekkarp
"Putin Urges Equality, Respect in Independence Day Message to Obama",,themoscowtimes.com,2015-27,2015-07-05,2015-07,05 Jul 15 16:51 UTC,en,1,neutral,0,0,0,Global discussions about Ukraine,Global discussions about Ukraine,Загальні дискусії про Україну,http://www.themoscowtimes.com/arts_n_ideas/news/article/putin-urges-equality-respect-in-independence-day-message-to-obama/525057.html,0,0,0,0,0,1,1,0,0,Moscow,Russia,0,,Ira.Kolomiets
Will Moscow Push for Settlement in Ukraine?,,themoscowtimes.com,2015-27,2015-07-05,2015-07,05 Jul 15 16:57 UTC,en,1,neutral,278,37,315,Global discussions about Ukraine,Global discussions about Ukraine,Загальні дискусії про Україну,http://www.themoscowtimes.com/opinion/article/will-moscow-push-for-settlement-in-ukraine/525059.html,0,0,0,0,0,1,1,0,0,Moscow,Russia,0,,gekkarp
"Russia Must Focus Less on Ukraine, More on IS (Op-Ed)",,themoscowtimes.com,2015-27,2015-07-05,2015-07,05 Jul 15 17:04 UTC,en,1,neutral,4,2,6,Ukrainian government and society,Ukrainian government and society,Український уряд та суспільство,http://www.themoscowtimes.com/opinion/article/russia-must-focus-less-on-ukraine-more-on-is/525061.html,0,0,0,0,0,1,1,0,0,Moscow,Russia,0,,Ira.Kolomiets
"Russia Must Focus Less on Ukraine, More on IS (Op-Ed)",,themoscowtimes.com,2015-27,2015-07-05,2015-07,05 Jul 15 17:04 UTC,en,1,neutral,2,0,2,Global discussions about Ukraine,Global discussions about Ukraine,Загальні дискусії про Україну,http://www.themoscowtimes.com/arts_n_ideas/opinion/article/russia-must-focus-less-on-ukraine-more-on-is-op-ed/525061.html,0,0,0,0,0,1,1,0,0,Moscow,Russia,0,,Ira.Kolomiets
"Russia Must Focus Less on Ukraine, More on IS (Op-Ed)",,themoscowtimes.com,2015-27,2015-07-05,2015-07,05 Jul 15 17:10 UTC,en,1,neutral,0,1,1,Global discussions about Ukraine,Global discussions about Ukraine,Загальні дискусії про Україну,http://www.themoscowtimes.com/opinion/article/525061.html,0,0,0,0,0,1,1,0,0,Moscow,Russia,0,,Ira.Kolomiets
Will Moscow Push for Settlement in Ukraine?,,themoscowtimes.com,2015-27,2015-07-05,2015-07,05 Jul 15 17:10 UTC,en,1,neutral,0,2,2,Global discussions about Ukraine,Global discussions about Ukraine,Загальні дискусії про Україну,http://www.themoscowtimes.com/opinion/article/525059.html,0,0,0,0,0,1,1,0,0,Moscow,Russia,0,,Ira.Kolomiets
Putin Has Reportedly Spoken Twice to Obama about Global Concerns,,dailypolitical.com,2015-27,2015-07-05,2015-07,05 Jul 15 17:13 UTC,en,1,neutral,0,2,2,Global discussions about Ukraine,Global discussions about Ukraine,Загальні дискусії про Україну,http://www.dailypolitical.com/2015/07/05/putin-has-reportedly-spoken-twice-to-obama-about-global-concerns/,0,0,0,0,0,1,1,0,0,Unknown,Unknown,0,,Ira.Kolomiets
Quartet of crises threatens Europe's core,,newshour.com.bd,2015-27,2015-07-05,2015-07,05 Jul 15 17:13 UTC,en,1,neutral,3,1,4,Global discussions about Ukraine,Global discussions about Ukraine,Загальні дискусії про Україну,http://www.newshour.com.bd/2015/07/05/quartet-of-crises-threatens-europes-core/,0,0,0,0,0,1,1,0,0,"Washington, DC",USA,0,,Ira.Kolomiets
theartsdesk in Moscow: Free thought vs. cultural politics,,theartsdesk.com,2015-27,2015-07-05,2015-07,05 Jul 15 17:19 UTC,en,1,neutral,5,7,12,Not related to Ukraine,Not related to Ukraine,Не має відношення до України,http://www.theartsdesk.com/film/theartsdesk-moscow-free-thought-vs-cultural-politics,0,0,0,0,0,1,0,0,0,Unknown,Unknown,0,,biryna007
China takes on role in Central Asia once held by Russia,,scmp.com,2015-27,2015-07-05,2015-07,05 Jul 15 17:27 UTC,en,1,neutral,10,38,48,Not related to Ukraine,Not related to Ukraine,Не має відношення до України,http://www.scmp.com/news/china/diplomacy-defence/article/1833217/china-takes-role-central-asia-once-held-russia,0,0,0,0,0,1,0,0,0,Unknown,Unknown,0,,gekkarp
"Putin Urges Equality, Respect in Independence Day Message to Obama",,themoscowtimes.com,2015-27,2015-07-05,2015-07,05 Jul 15 17:52 UTC,en,1,neutral,2,0,2,Global discussions about Ukraine,Global discussions about Ukraine,Загальні дискусії про Україну,http://www.themoscowtimes.com/opinion/news/article/putin-urges-equality-respect-in-independence-day-message-to-obama/525057.html,0,0,0,0,0,1,1,0,0,Moscow,Russia,0,,Ira.Kolomiets
Fernando: 'I'm ready for Samp',,football-italia.net,2015-27,2015-07-05,2015-07,05 Jul 15 17:53 UTC,en,1,neutral,1,17,18,Sport,Sport,Спорт,http://www.football-italia.net/68751/fernando-im-ready-samp,0,0,0,0,0,1,1,0,0,Unknown,Unknown,0,,gekkarp
Donetsk Republic Claims Ukraine Army Uses Chemical Weapons,,sputniknews.com,2015-27,2015-07-05,2015-07,05 Jul 15 17:55 UTC,en,1,neutral,1582,158,1740,Fighting in Eastern Ukraine,Fighting in Eastern Ukraine,Бойові дії на Сході України,http://sputniknews.com/europe/20150705/1024242544.html,0,0,0,0,0,1,1,1,1,Moscow,Russia,0,,gekkarp
Ukraine's Slovyansk marks first anniversary of liberation from Russian-backed,,uatoday.tv,2015-27,2015-07-05,2015-07,05 Jul 15 18:26 UTC,en,1,neutral,306,28,334,Ukrainian government and society,Ukrainian government and society,Український уряд та суспільство,http://uatoday.tv/society/sloviansk-liberation-one-year-on-450681.html,0,0,0,0,0,1,1,1,0,Kyiv,Ukraine,1,,gekkarp
"Malaysia wants UN-backed tribunal over MH17 | euronews, world news",,rapidnewsnetwork.com,2015-27,2015-07-05,2015-07,05 Jul 15 18:38 UTC,en,1,neutral,0,0,0,MH-17 crash,MH-17 crash,Катастрофа рейсу МН-17,http://rapidnewsnetwork.com/malaysia-wants-un-backed-tribunal-over-mh17-euronews-world-news/62764/,0,0,0,0,0,1,1,0,0,Unknown,Unknown,0,,Ira.Kolomiets
Malaysia submitting resolution to United Nations over flight shot down over,,sentinelrepublic.com,2015-27,2015-07-05,2015-07,05 Jul 15 18:38 UTC,en,1,neutral,0,1,1,MH-17 crash,MH-17 crash,Катастрофа рейсу МН-17,http://sentinelrepublic.com/malaysia-submitting-resolution-to-united-nations-over-flight-shot-down-over-ukraine/19577/,0,0,0,0,0,1,1,0,0,Unknown,Unknown,0,,Ira.Kolomiets
Malaysia urges criminal prosecution over shooting down of MH17,,thrasherbacker.com,2015-27,2015-07-05,2015-07,05 Jul 15 18:40 UTC,en,1,neutral,0,2,2,MH-17 crash,MH-17 crash,Катастрофа рейсу МН-17,http://thrasherbacker.com/1987-malaysia-urges-criminal-prosecution-over-shooting-down-of-mh17/015421/,0,0,0,0,0,1,1,0,0,Unknown,Unknown,0,,Ira.Kolomiets
Ukraine and Slovakia strike reverse gas flow agreement,,uatoday.tv,2015-27,2015-07-05,2015-07,05 Jul 15 18:44 UTC,en,1,neutral,84,57,141,Ukrainian economy/industry,Ukrainian economy/industry,Українська економіка/індустрія,http://uatoday.tv/business/ukraine-and-slovakia-strike-reverse-gas-flow-agreement-450682.html,0,0,0,0,0,1,1,1,0,Kyiv,Ukraine,1,,gekkarp
Tzohar opens center for verification of Jewish identity in eastern Ukraine,,jpost.com,2015-27,2015-07-05,2015-07,05 Jul 15 18:48 UTC,en,1,neutral,16,26,42,Other,Other,Інші теми  (аналітичні та репортажні),http://www.jpost.com/Diaspora/Tzohar-opens-center-for-verification-of-Jewish-identity-in-eastern-Ukraine-408084,0,0,0,0,0,1,1,0,0,Jerusalem,Israel,0,,biryna007
Ukraine Gas Talks Fail in Vienna,,silkroadreporters.com,2015-27,2015-07-05,2015-07,05 Jul 15 18:56 UTC,en,1,neutral,23,11,34,Ukrainian economy/industry,Ukrainian economy/industry,Українська економіка/індустрія,http://www.silkroadreporters.com/2015/07/05/ukraine-talks-fail-in-vienna/,0,0,0,0,0,1,1,0,0,Unknown,Unknown,0,,gekkarp
"Putin Urges Equality, Respect in Independence Day Message to Obama",,themoscowtimes.com,2015-27,2015-07-05,2015-07,05 Jul 15 19:12 UTC,en,1,neutral,0,0,0,Global discussions about Ukraine,Global discussions about Ukraine,Загальні дискусії про Україну,http://www.themoscowtimes.com/news/news/article/putin-urges-equality-respect-in-independence-day-message-to-obama/525057.html,0,0,0,0,0,1,1,0,0,Moscow,Russia,0,,Ira.Kolomiets
Quartet of crises threatens Europe's core,,business-standard.com,2015-27,2015-07-05,2015-07,05 Jul 15 19:13 UTC,en,1,neutral,13,34,47,Not related to Ukraine,Not related to Ukraine,Не має відношення до України,http://www.business-standard.com/article/international/quartet-of-crises-threatens-europe-s-core-115070600005_1.html,0,0,0,0,0,1,0,0,0,Nehru House,India,0,,gekkarp
Quartet of crises threatens Europe's core | Reuters,,firstpost.com,2015-27,2015-07-05,2015-07,05 Jul 15 19:22 UTC,en,1,neutral,9,3,12,Not related to Ukraine,Not related to Ukraine,Не має відношення до України,http://www.firstpost.com/fwire/quartet-of-crises-threatens-europes-core-reuters-2328168.html,0,0,0,0,0,1,0,0,0,Noida,India,0,,gekkarp
A quartet of crises threatens Europe's core,,livemint.com,2015-27,2015-07-05,2015-07,05 Jul 15 19:39 UTC,en,1,neutral,0,5,5,Global discussions about Ukraine,Global discussions about Ukraine,Загальні дискусії про Україну,http://www.livemint.com/Politics/tp8fIG1cyV7MZ0XBdgr9KL/A-quartet-of-crises-threatens-Europes-core.html,0,0,0,0,0,1,1,0,0,Unknown,Unknown,0,,Ira.Kolomiets
Russia's Virtual Universe,,nytimes.com,2015-27,2015-07-05,2015-07,05 Jul 15 19:43 UTC,en,1,neutral,712,340,1052,Not related to Ukraine,Not related to Ukraine,Не має відношення до України,http://www.nytimes.com/2015/07/06/opinion/russias-virtual-universe.html,0,0,0,0,0,1,0,0,0,New York,USA,0,,gekkarp
New York Times: Greeks reject bailout terms in rebuff to European leaders,,kyivpost.com,2015-27,2015-07-05,2015-07,05 Jul 15 19:57 UTC,en,1,neutral,1,5,6,Not related to Ukraine,Not related to Ukraine,Не має відношення до України,http://www.kyivpost.com/content/world/new-york-times-greeks-reject-bailout-terms-in-rebuff-to-european-leaders-392751.html,0,0,0,0,0,1,0,0,0,Kyiv,Ukraine,1,,gekkarp
"Vitaliy Portnikov: In escalator of war, Ukraine going up, Russia going down",,kyivpost.com,2015-27,2015-07-05,2015-07,05 Jul 15 20:02 UTC,en,1,positive,0,6,6,Other,Other,Інші теми  (аналітичні та репортажні),https://www.kyivpost.com/opinion/op-ed/vitaliy-portnikov-in-escalator-of-war-ukraine-going-up-russia-going-down-392752.html,0,0,0,0,0,1,1,0,0,Kyiv,Ukraine,1,,Ellen.Bedenko
Pentagon tries to cope with 'hybrid warfare',,heraldnet.com,2015-27,2015-07-05,2015-07,05 Jul 15 20:03 UTC,en,1,neutral,0,0,0,Global discussions about Ukraine,Global discussions about Ukraine,Загальні дискусії про Україну,http://www.heraldnet.com/article/20150705/NEWS02/150709636,0,0,0,0,0,1,1,0,0,Unknown,Unknown,0,,biryna007
"Greece Overwhelmingly Votes 'No', Ostensibly To End Austerity",,indybay.org,2015-27,2015-07-05,2015-07,05 Jul 15 20:54 UTC,en,1,neutral,0,0,0,Not related to Ukraine,Not related to Ukraine,Не має відношення до України,http://www.indybay.org/newsitems/2015/07/05/18774522.php,0,0,0,0,0,1,0,0,0,Unknown,Unknown,0,,Ira.Kolomiets
"Greece Overwhelmingly Votes 'No', Ostensibly To End Austerity",,indybay.org,2015-27,2015-07-05,2015-07,05 Jul 15 20:56 UTC,en,1,neutral,0,1,1,Not related to Ukraine,Not related to Ukraine,Не має відношення до України,https://www.indybay.org/newsitems/2015/07/05/18774522.php,0,0,0,0,0,1,0,0,0,Unknown,Unknown,0,,Ira.Kolomiets
What will be the next issue that tears EU apart?,,telegraph.co.uk,2015-27,2015-07-05,2015-07,05 Jul 15 21:01 UTC,en,1,neutral,535,165,700,Not related to Ukraine,Not related to Ukraine,Не має відношення до України,http://www.telegraph.co.uk/news/worldnews/europe/11719692/What-will-be-the-next-issue-that-tears-EU-apart.html,0,0,0,0,0,1,0,0,0,London,United Kingdom,0,,gekkarp
Ukrainian soldiers killed by landmine,,3news.co.nz,2015-27,2015-07-05,2015-07,05 Jul 15 21:12 UTC,en,1,neutral,0,1,1,Fighting in Eastern Ukraine,Fighting in Eastern Ukraine,Бойові дії на Сході України,http://www.3news.co.nz/world/ukrainian-soldiers-killed-by-landmine-2015070608,0,0,0,0,0,1,1,0,0,Auckland,New Zealand,0,,Ira.Kolomiets
Fernando: Sampdoria are a great club,,forzaitalianfootball.com,2015-27,2015-07-05,2015-07,05 Jul 15 21:30 UTC,en,1,neutral,22,9,31,Sport,Sport,Спорт,http://forzaitalianfootball.com/2015/07/fernando-sampdoria-are-a-great-club/,0,0,0,0,0,1,1,0,0,Unknown,Unknown,0,,gekkarp
"Putin's Plan is Working, Russia Getting 40 New Missiles",,vocalrepublic.com,2015-27,2015-07-05,2015-07,05 Jul 15 21:30 UTC,en,1,neutral,2,1,3,Global discussions about Ukraine,Global discussions about Ukraine,Загальні дискусії про Україну,http://www.vocalrepublic.com/putins-plan-is-working-russia-getting-40-new-missiles/16341/,0,0,0,0,0,1,1,0,0,Unknown,Unknown,0,,Ira.Kolomiets
Quartet of Crises Threatens Europe's Core,,newsmax.com,2015-27,2015-07-05,2015-07,05 Jul 15 21:51 UTC,en,1,neutral,0,0,0,Not related to Ukraine,Not related to Ukraine,Не має відношення до України,http://www.newsmax.com/Finance/Markets/Quartet-Crises-Europe-Core/2015/07/05/id/653544/,0,0,0,0,0,1,0,0,0,Unknown,Unknown,0,,biryna007
Russia considers US vital partner for global stability,,dailysabah.com,2015-27,2015-07-05,2015-07,05 Jul 15 21:58 UTC,en,1,neutral,17,3,20,Global discussions about Ukraine,Global discussions about Ukraine,Загальні дискусії про Україну,http://www.dailysabah.com/world/2015/07/06/russia-considers-us-vital-partner-for-global-stability,0,0,0,0,0,1,1,0,0,Unknown,Unknown,0,,Ira.Kolomiets
Dempsey's Final Instruction to Pentagon: Prepare for a Long War,,pakobserver.net,2015-27,2015-07-05,2015-07,05 Jul 15 22:08 UTC,en,1,neutral,1,0,1,Global discussions about Ukraine,Global discussions about Ukraine,Загальні дискусії про Україну,http://pakobserver.net/detailnews.asp?id=267620,0,0,0,0,0,1,1,0,0,Unknown,Unknown,0,,biryna007
Marlos grabs double as Shakhtar downs Monaco - SBS,,theworldgame.sbs.com.au,2015-27,2015-07-05,2015-07,05 Jul 15 22:19 UTC,en,1,neutral,0,0,0,Sport,Sport,Спорт,http://theworldgame.sbs.com.au/article/2015/07/05/marlos-grabs-double-shakhtar-downs-monaco,0,0,0,0,0,1,1,0,0,Unknown,Unknown,0,,Ira.Kolomiets
Will the West let Ukraine die?,,washingtonpost.com,2015-27,2015-07-05,2015-07,05 Jul 15 23:13 UTC,en,1,neutral,4789,948,5737,Global discussions about Ukraine,Global discussions about Ukraine,Загальні дискусії про Україну,http://www.washingtonpost.com/opinions/the-dangerous-neglect-of-ukraine/2015/07/05/37d08050-20cf-11e5-84d5-eb37ee8eaa61_story.html,0,0,0,0,0,1,1,0,0,"Washington, DC",USA,0,,gekkarp
Letters: The U.S. should stay out of Ukraine,,theneworleansadvocate.com,2015-27,2015-07-05,2015-07,05 Jul 15 23:20 UTC,en,1,neutral,0,0,0,Global discussions about Ukraine,Global discussions about Ukraine,Загальні дискусії про Україну,http://www.theneworleansadvocate.com/opinion/12819401-55/story.html,0,0,0,0,0,1,1,0,0,Unknown,Unknown,0,,biryna007
